Workbook
Name قائمة_الأصناف: 'الأصناف'!$A$2:$A$100

Sheet الفاتورة
A1: الصنف | B1: الكمية | C1: سعر الوحدة | D1: الإجمالي | E1: الضريبة | F1: تنبيه
A2: كرتونة مياه | B2: 3 | C2: =IF(A2="","",IFERROR(VLOOKUP(A2,'الأصناف'!$A$2:$B$100,2,FALSE),"")) | D2: =IF(OR(A2="",B2="",C2=""),"",B2*C2) | E2: =IF(D2="","",D2*15%) | F2: =IF(A2="","",IF(C2="","راجع الصنف",""))
A3: ورق تصوير A4 | B3: 2 | C3: =IF(A3="","",IFERROR(VLOOKUP(A3,'الأصناف'!$A$2:$B$100,2,FALSE),"")) | D3: =IF(OR(A3="",B3="",C3=""),"",B3*C3) | E3: =IF(D3="","",D3*15%) | F3: =IF(A3="","",IF(C3="","راجع الصنف",""))
A4: حبر طابعة | B4: 1 | C4: =IF(A4="","",IFERROR(VLOOKUP(A4,'الأصناف'!$A$2:$B$100,2,FALSE),"")) | D4: =IF(OR(A4="",B4="",C4=""),"",B4*C4) | E4: =IF(D4="","",D4*15%) | F4: =IF(A4="","",IF(C4="","راجع الصنف",""))
A5: دفتر حسابات | B5: 4 | C5: =IF(A5="","",IFERROR(VLOOKUP(A5,'الأصناف'!$A$2:$B$100,2,FALSE),"")) | D5: =IF(OR(A5="",B5="",C5=""),"",B5*C5) | E5: =IF(D5="","",D5*15%) | F5: =IF(A5="","",IF(C5="","راجع الصنف",""))
C6: =IF(A6="","",IFERROR(VLOOKUP(A6,'الأصناف'!$A$2:$B$100,2,FALSE),"")) | D6: =IF(OR(A6="",B6="",C6=""),"",B6*C6) | E6: =IF(D6="","",D6*15%) | F6: =IF(A6="","",IF(C6="","راجع الصنف",""))
C7: =IF(A7="","",IFERROR(VLOOKUP(A7,'الأصناف'!$A$2:$B$100,2,FALSE),"")) | D7: =IF(OR(A7="",B7="",C7=""),"",B7*C7) | E7: =IF(D7="","",D7*15%) | F7: =IF(A7="","",IF(C7="","راجع الصنف",""))
C8: =IF(A8="","",IFERROR(VLOOKUP(A8,'الأصناف'!$A$2:$B$100,2,FALSE),"")) | D8: =IF(OR(A8="",B8="",C8=""),"",B8*C8) | E8: =IF(D8="","",D8*15%) | F8: =IF(A8="","",IF(C8="","راجع الصنف",""))
C9: =IF(A9="","",IFERROR(VLOOKUP(A9,'الأصناف'!$A$2:$B$100,2,FALSE),"")) | D9: =IF(OR(A9="",B9="",C9=""),"",B9*C9) | E9: =IF(D9="","",D9*15%) | F9: =IF(A9="","",IF(C9="","راجع الصنف",""))
C10: =IF(A10="","",IFERROR(VLOOKUP(A10,'الأصناف'!$A$2:$B$100,2,FALSE),"")) | D10: =IF(OR(A10="",B10="",C10=""),"",B10*C10) | E10: =IF(D10="","",D10*15%) | F10: =IF(A10="","",IF(C10="","راجع الصنف",""))
C11: =IF(A11="","",IFERROR(VLOOKUP(A11,'الأصناف'!$A$2:$B$100,2,FALSE),"")) | D11: =IF(OR(A11="",B11="",C11=""),"",B11*C11) | E11: =IF(D11="","",D11*15%) | F11: =IF(A11="","",IF(C11="","راجع الصنف",""))
C12: =IF(A12="","",IFERROR(VLOOKUP(A12,'الأصناف'!$A$2:$B$100,2,FALSE),"")) | D12: =IF(OR(A12="",B12="",C12=""),"",B12*C12) | E12: =IF(D12="","",D12*15%) | F12: =IF(A12="","",IF(C12="","راجع الصنف",""))
C13: =IF(A13="","",IFERROR(VLOOKUP(A13,'الأصناف'!$A$2:$B$100,2,FALSE),"")) | D13: =IF(OR(A13="",B13="",C13=""),"",B13*C13) | E13: =IF(D13="","",D13*15%) | F13: =IF(A13="","",IF(C13="","راجع الصنف",""))
C14: =IF(A14="","",IFERROR(VLOOKUP(A14,'الأصناف'!$A$2:$B$100,2,FALSE),"")) | D14: =IF(OR(A14="",B14="",C14=""),"",B14*C14) | E14: =IF(D14="","",D14*15%) | F14: =IF(A14="","",IF(C14="","راجع الصنف",""))
C15: =IF(A15="","",IFERROR(VLOOKUP(A15,'الأصناف'!$A$2:$B$100,2,FALSE),"")) | D15: =IF(OR(A15="",B15="",C15=""),"",B15*C15) | E15: =IF(D15="","",D15*15%) | F15: =IF(A15="","",IF(C15="","راجع الصنف",""))
C16: =IF(A16="","",IFERROR(VLOOKUP(A16,'الأصناف'!$A$2:$B$100,2,FALSE),"")) | D16: =IF(OR(A16="",B16="",C16=""),"",B16*C16) | E16: =IF(D16="","",D16*15%) | F16: =IF(A16="","",IF(C16="","راجع الصنف",""))
C17: =IF(A17="","",IFERROR(VLOOKUP(A17,'الأصناف'!$A$2:$B$100,2,FALSE),"")) | D17: =IF(OR(A17="",B17="",C17=""),"",B17*C17) | E17: =IF(D17="","",D17*15%) | F17: =IF(A17="","",IF(C17="","راجع الصنف",""))
... C300: =IF(A300="","",IFERROR(VLOOKUP(A300,'الأصناف'!$A$2:$B$100,2,FALSE),"")) | D300: =IF(OR(A300="",B300="",C300=""),"",B300*C300) | E300: =IF(D300="","",D300*15%) | F300: =IF(A300="","",IF(C300="","راجع الصنف",""))
C302: الإجمالي | D302: =SUM(D2:D300) | E302: =SUM(E2:E300)

Sheet الأصناف
A1: الصنف | B1: سعر الوحدة
A2: كرتونة مياه | B2: 75
A3: ورق تصوير A4 | B3: 165
A4: حبر طابعة | B4: 420
A5: دفتر حسابات | B5: 35

Sheet ملخص
A1: ملخص الفاتورة | B1: القيمة
A2: عدد الأصناف المدخلة | B2: =COUNTIF(الفاتورة!A2:A300,"<>")
A3: الإجمالي قبل الضريبة | B3: =SUM(الفاتورة!D2:D300)
A4: الضريبة 15% | B4: =SUM(الفاتورة!E2:E300)
A5: الإجمالي شامل الضريبة | B5: =B3+B4

Sheet طريقة الاستخدام
A1: طريقة الاستخدام
A2: 1. أضف أسماء الأصناف وأسعارها في ورقة الأصناف.
A3: 2. اختر الصنف من القائمة المنسدلة في ورقة الفاتورة.
A4: 3. اكتب الكمية، وسيظهر السعر والإجمالي والضريبة تلقائياً.
A5: 4. راجع تنبيه الصنف إن ظهر، ثم استخدم الملخص لمعرفة الإجماليات.
A6: من مكتبك الذكي Smart Office — تابع الصفحة عشان يوصلك ملف جديد مجاني كل يوم.
